Workbook

Sheet 요약
A1: 점은닉 디코더 v7.1 검증 결과
A2: 기준일 2026-10-15 · 정답은 답안지(삼각형 표시) 기준 · 판독은 index.html(v7.1 JS)로 실행
A3: 항목 | B3: v6.1 (기존) | C3: v7.1 (신규) | D3: 비고
A4: 검증 문서 수 | B4: =COUNTA('문서별 결과'!A3:A15) -> 13 | C4: =COUNTA('문서별 결과'!A3:A15) -> 13 | D4: 새 220dpi 8장 + 기존 300dpi 5장
A5: 문서 완전일치 | B5: =COUNTIF('문서별 결과'!H3:H15,"일치") -> 3 | C5: =COUNTIF('문서별 결과'!K3:K15,"일치") -> 11
A6: 문서 일치율 | B6: =B5/B4 -> 0.23076923 | C6: =C5/C4 -> 0.84615385
A7: 자리 일치 (8자리×문서) | B7: =SUM('문서별 결과'!I3:I15) -> 33 | C7: =SUM('문서별 결과'!L3:L15) -> 102
A8: 자리 일치율 | B8: =B7/(B4*8) -> 0.31730769 | C8: =C7/(C4*8) -> 0.98076923
A9: 새 예제 8장 완전일치 | B9: =COUNTIF('문서별 결과'!H3:H10,"일치") -> 0 | C9: =COUNTIF('문서별 결과'!K3:K10,"일치") -> 6 | D9: v6.1은 QR이 없어 판독 불가
A10: 변형 테스트 자리 일치율 | C10: =SUM('변형 테스트'!D3:D19)/SUM('변형 테스트'!E3:E19) -> 0.97624434 | D10: 17종 변형 × 13장, JS 실행
A11: 확률≥90% 표시 자리 정확도 | C11: ='신뢰도 보정'!E7 -> 0.99868938 | D11: 표시 확률이 높은 자리는 믿을 수 있는지
A14: 해석
A15: · 격자는 QR 위치가 아니라 용지 전체를 가로 8 × 세로 8로 균등분할한 것입니다.
A16: · 틀린 2자리(sample_16 P4, sample_19 P4)는 점이 굵은 글자 획 속/획 끝에 묻힌 경우입니다.
A17: · 점이 가려진 자리는 위치로 추론하며, 확률이 낮게 표시됩니다(자리별 확률 시트 참고).

Sheet 문서별 결과
A1: 문서별 판독 결과 (13장)
A2: 파일 | B2: 연구명 | C2: 문서 | D2: 해상도 | E2: 정답 | F2: v6.1 판독 | G2: v6.1 신뢰도 | H2: v6.1 일치 | I2: v6.1 일치 자리 | J2: v7.1 판독 | K2: v7.1 일치 | L2: v7.1 일치 자리 | M2: v7.1 신뢰도 | N2: 가려진 점 추론 | O2: 비고
A3: sample_12 | B3: n1 | C3: SPS 유지보수 기준서 | D3: 220dpi | E3: 77013046 | F3: ?0307?3? | G3: 0.45 | H3: =IF(F3=E3,"일치","불일치") -> 불일치 | I3: =IF(LEN(F3)=8,SUMPRODUCT(--(MID(F3,{1,2,3,4,5,6,7,8},1)=MID(E3,{1,2,3,4,5,6,7,8},1))),0) -> 0 | J3: 77013046 | K3: =IF(J3=E3,"일치","불일치") -> 일치 | L3: =SUMPRODUCT(--(MID(J3,{1,2,3,4,5,6,7,8},1)=MID(E3,{1,2,3,4,5,6,7,8},1))) -> 8 | M3: 0.39 | N3: 4 | O3: P4·P5 점이 표선 위(선에 흰 틈으로 보임)
A4: sample_13 | B4: n2 | C4: 점검보고서 | D4: 220dpi | E4: 55223046 | F4: 7624362? | G4: 0.51 | H4: =IF(F4=E4,"일치","불일치") -> 불일치 | I4: =IF(LEN(F4)=8,SUMPRODUCT(--(MID(F4,{1,2,3,4,5,6,7,8},1)=MID(E4,{1,2,3,4,5,6,7,8},1))),0) -> 2 | J4: 55223046 | K4: =IF(J4=E4,"일치","불일치") -> 일치 | L4: =SUMPRODUCT(--(MID(J4,{1,2,3,4,5,6,7,8},1)=MID(E4,{1,2,3,4,5,6,7,8},1))) -> 8 | M4: 0.75 | N4: 2
A5: sample_14 | B5: n3 | C5: User Information Verification | D5: 220dpi | E5: 73505046 | F5: 5430551? | G5: 0.45 | H5: =IF(F5=E5,"일치","불일치") -> 불일치 | I5: =IF(LEN(F5)=8,SUMPRODUCT(--(MID(F5,{1,2,3,4,5,6,7,8},1)=MID(E5,{1,2,3,4,5,6,7,8},1))),0) -> 2 | J5: 73505046 | K5: =IF(J5=E5,"일치","불일치") -> 일치 | L5: =SUMPRODUCT(--(MID(J5,{1,2,3,4,5,6,7,8},1)=MID(E5,{1,2,3,4,5,6,7,8},1))) -> 8 | M5: 0.83 | N5: 2
A6: sample_15 | B6: n4 | C6: 은행정보 레터(HP) | D6: 220dpi | E6: 12515046 | F6: 2?2527?? | G6: 0.46 | H6: =IF(F6=E6,"일치","불일치") -> 불일치 | I6: =IF(LEN(F6)=8,SUMPRODUCT(--(MID(F6,{1,2,3,4,5,6,7,8},1)=MID(E6,{1,2,3,4,5,6,7,8},1))),0) -> 0 | J6: 12515046 | K6: =IF(J6=E6,"일치","불일치") -> 일치 | L6: =SUMPRODUCT(--(MID(J6,{1,2,3,4,5,6,7,8},1)=MID(E6,{1,2,3,4,5,6,7,8},1))) -> 8 | M6: 0.84 | N6: 1
A7: sample_16 | B7: n5 | C7: SecuPrint 도입검토 보고 | D7: 220dpi | E7: 36625046 | F7: ??6672?5 | G7: 0.46 | H7: =IF(F7=E7,"일치","불일치") -> 불일치 | I7: =IF(LEN(F7)=8,SUMPRODUCT(--(MID(F7,{1,2,3,4,5,6,7,8},1)=MID(E7,{1,2,3,4,5,6,7,8},1))),0) -> 1 | J7: 36623046 | K7: =IF(J7=E7,"일치","불일치") -> 불일치 | L7: =SUMPRODUCT(--(MID(J7,{1,2,3,4,5,6,7,8},1)=MID(E7,{1,2,3,4,5,6,7,8},1))) -> 7 | M7: 0.53 | N7: 2 | O7: P4: 점이 굵은 글자 "력" 획 속에 묻힘 → 3으로 오판(정답 5)
A8: sample_17 | B8: n6 | C8: 네트워크 포트 정의표 | D8: 220dpi | E8: 71265046 | F8: 11616211 | G8: 0.59 | H8: =IF(F8=E8,"일치","불일치") -> 불일치 | I8: =IF(LEN(F8)=8,SUMPRODUCT(--(MID(F8,{1,2,3,4,5,6,7,8},1)=MID(E8,{1,2,3,4,5,6,7,8},1))),0) -> 1 | J8: 71265046 | K8: =IF(J8=E8,"일치","불일치") -> 일치 | L8: =SUMPRODUCT(--(MID(J8,{1,2,3,4,5,6,7,8},1)=MID(E8,{1,2,3,4,5,6,7,8},1))) -> 8 | M8: 0.9 | N8: 3
A9: sample_18 | B9: n7 | C9: 생산시설 보유 목록 확인서 | D9: 220dpi | E9: 33706046 | F9: 7?70???? | G9: 0.76 | H9: =IF(F9=E9,"일치","불일치") -> 불일치 | I9: =IF(LEN(F9)=8,SUMPRODUCT(--(MID(F9,{1,2,3,4,5,6,7,8},1)=MID(E9,{1,2,3,4,5,6,7,8},1))),0) -> 2 | J9: 33706046 | K9: =IF(J9=E9,"일치","불일치") -> 일치 | L9: =SUMPRODUCT(--(MID(J9,{1,2,3,4,5,6,7,8},1)=MID(E9,{1,2,3,4,5,6,7,8},1))) -> 8 | M9: 0.31 | N9: 2
A10: sample_19 | B10: n8 | C10: 특허증 | D10: 220dpi | E10: 45616046 | F10: ??763336 | G10: 0.03 | H10: =IF(F10=E10,"일치","불일치") -> 불일치 | I10: =IF(LEN(F10)=8,SUMPRODUCT(--(MID(F10,{1,2,3,4,5,6,7,8},1)=MID(E10,{1,2,3,4,5,6,7,8},1))),0) -> 1 | J10: 45617046 | K10: =IF(J10=E10,"일치","불일치") -> 불일치 | L10: =SUMPRODUCT(--(MID(J10,{1,2,3,4,5,6,7,8},1)=MID(E10,{1,2,3,4,5,6,7,8},1))) -> 7 | M10: 0.37 | N10: 2 | O10: P4: 점이 글자 획 끝에 붙음 → 7로 오판(정답 6)
A11: sample_8 | B11: s8 | C11: 작업 계획서 | D11: 300dpi | E11: 22502270 | F11: 22502270 | G11: 0.98 | H11: =IF(F11=E11,"일치","불일치") -> 일치 | I11: =IF(LEN(F11)=8,SUMPRODUCT(--(MID(F11,{1,2,3,4,5,6,7,8},1)=MID(E11,{1,2,3,4,5,6,7,8},1))),0) -> 8 | J11: 22502270 | K11: =IF(J11=E11,"일치","불일치") -> 일치 | L11: =SUMPRODUCT(--(MID(J11,{1,2,3,4,5,6,7,8},1)=MID(E11,{1,2,3,4,5,6,7,8},1))) -> 8 | M11: 1 | N11: 0
A12: sample_9 | B12: s9 | C12: SPS 유지보수 기준서(구형) | D12: 300dpi | E12: 26174411 | F12: 26174411 | G12: 0.95 | H12: =IF(F12=E12,"일치","불일치") -> 일치 | I12: =IF(LEN(F12)=8,SUMPRODUCT(--(MID(F12,{1,2,3,4,5,6,7,8},1)=MID(E12,{1,2,3,4,5,6,7,8},1))),0) -> 8 | J12: 26174411 | K12: =IF(J12=E12,"일치","불일치") -> 일치 | L12: =SUMPRODUCT(--(MID(J12,{1,2,3,4,5,6,7,8},1)=MID(E12,{1,2,3,4,5,6,7,8},1))) -> 8 | M12: 1 | N12: 1
A13: sample_11 | B13: s11 | C13: 은행정보 레터(구형) | D13: 300dpi | E13: 25374411 | F13: 25374411 | G13: 0.94 | H13: =IF(F13=E13,"일치","불일치") -> 일치 | I13: =IF(LEN(F13)=8,SUMPRODUCT(--(MID(F13,{1,2,3,4,5,6,7,8},1)=MID(E13,{1,2,3,4,5,6,7,8},1))),0) -> 8 | J13: 25374411 | K13: =IF(J13=E13,"일치","불일치") -> 일치 | L13: =SUMPRODUCT(--(MID(J13,{1,2,3,4,5,6,7,8},1)=MID(E13,{1,2,3,4,5,6,7,8},1))) -> 8 | M13: 1 | N13: 1
A14: sample_6 | B14: s6 | C14: 가로 문서 | D14: 300dpi | E14: 56161270 | F14: 판독 실패 | H14: =IF(F14=E14,"일치","불일치") -> 불일치 | I14: =IF(LEN(F14)=8,SUMPRODUCT(--(MID(F14,{1,2,3,4,5,6,7,8},1)=MID(E14,{1,2,3,4,5,6,7,8},1))),0) -> 0 | J14: 56161270 | K14: =IF(J14=E14,"일치","불일치") -> 일치 | L14: =SUMPRODUCT(--(MID(J14,{1,2,3,4,5,6,7,8},1)=MID(E14,{1,2,3,4,5,6,7,8},1))) -> 8 | M14: 1 | N14: 0 | O14: v6.1은 가로문서 미지원 → v7.1에서 해결
A15: sample_7 | B15: s7 | C15: 가로 문서 | D15: 300dpi | E15: 35261270 | F15: 판독 실패 | H15: =IF(F15=E15,"일치","불일치") -> 불일치 | I15: =IF(LEN(F15)=8,SUMPRODUCT(--(MID(F15,{1,2,3,4,5,6,7,8},1)=MID(E15,{1,2,3,4,5,6,7,8},1))),0) -> 0 | J15: 35261270 | K15: =IF(J15=E15,"일치","불일치") -> 일치 | L15: =SUMPRODUCT(--(MID(J15,{1,2,3,4,5,6,7,8},1)=MID(E15,{1,2,3,4,5,6,7,8},1))) -> 8 | M15: 0.62 | N15: 2 | O15: v6.1은 가로문서 미지원 → v7.1에서 해결
A17: · "?"는 해당 자리를 찾지 못함. v6.1은 QR 기준이라 QR 없는 새 예제에서 구형 폴백으로 판독됨.

Sheet 자리별 확률
A1: 자리별 판독 상세 (v7.1)
A2: 파일 | B2: 자리 | C2: 정답 숫자 | D2: 판독 숫자 | E2: 일치 | F2: 확률 | G2: 검출 방식 | H2: 2순위 숫자 | I2: 2순위 확률
A3: sample_12 | B3: P0 | C3: 7 | D3: 7 | E3: =IF(C3=D3,"O","X") -> O | F3: 0.994 | G3: 위치 추론 | H3: 0 | I3: 0
A4: sample_12 | B4: P1 | C4: 7 | D4: 7 | E4: =IF(C4=D4,"O","X") -> O | F4: 1 | G4: 직접 검출 | H4: 4 | I4: 0
A5: sample_12 | B5: P2 | C5: 0 | D5: 0 | E5: =IF(C5=D5,"O","X") -> O | F5: 1 | G5: 위치 추론 | H5: 6 | I5: 0
A6: sample_12 | B6: P3 | C6: 1 | D6: 1 | E6: =IF(C6=D6,"O","X") -> O | F6: 1 | G6: 직접 검출 | H6: 6 | I6: 0
A7: sample_12 | B7: P4 | C7: 3 | D7: 3 | E7: =IF(C7=D7,"O","X") -> O | F7: 0.66 | G7: 위치 추론 | H7: 2 | I7: 0.12
A8: sample_12 | B8: P5 | C8: 0 | D8: 0 | E8: =IF(C8=D8,"O","X") -> O | F8: 0.597 | G8: 위치 추론 | H8: 2 | I8: 0.12
A9: sample_12 | B9: P6 | C9: 4 | D9: 4 | E9: =IF(C9=D9,"O","X") -> O | F9: 1 | G9: 직접 검출 | H9: 0 | I9: 0
A10: sample_12 | B10: P7 | C10: 6 | D10: 6 | E10: =IF(C10=D10,"O","X") -> O | F10: 1 | G10: 직접 검출 | H10: 0 | I10: 0
A11: sample_13 | B11: P0 | C11: 5 | D11: 5 | E11: =IF(C11=D11,"O","X") -> O | F11: 1 | G11: 직접 검출 | H11: 7 | I11: 0
A12: sample_13 | B12: P1 | C12: 5 | D12: 5 | E12: =IF(C12=D12,"O","X") -> O | F12: 1 | G12: 직접 검출 | H12: 4 | I12: 0
A13: sample_13 | B13: P2 | C13: 2 | D13: 2 | E13: =IF(C13=D13,"O","X") -> O | F13: 1 | G13: 직접 검출 | H13: 5 | I13: 0
A14: sample_13 | B14: P3 | C14: 2 | D14: 2 | E14: =IF(C14=D14,"O","X") -> O | F14: 1 | G14: 직접 검출 | H14: 4 | I14: 0
... A106: sample_7 | B106: P7 | C106: 0 | D106: 0 | E106: =IF(C106=D106,"O","X") -> O | F106: 0.69 | G106: 위치 추론 | H106: 1 | I106: 0.04
A108: · 위치 추론 = 점이 글자/표선에 가려져 보이지 않아, 가림 정도와 블롭 응답으로 추정한 자리

Sheet 변형 테스트
A1: 합성 변형 견고성 (v7.1 JS, 13장 × 17종)
A2: 변형 | B2: 설명 | C2: 문서 일치 | D2: 자리 일치 | E2: 전체 자리 | F2: 자리 일치율 | G2: 문서 일치율
A3: clean | B3: 원본 | C3: 11 | D3: 102 | E3: 104 | F3: =D3/E3 -> 0.98076923 | G3: =C3/13 -> 0.84615385
A4: rot0.5 | B4: 0.5° 회전 | C4: 13 | D4: 104 | E4: 104 | F4: =D4/E4 -> 1 | G4: =C4/13 -> 1
A5: rot-0.8 | B5: -0.8° 회전 | C5: 11 | D5: 102 | E5: 104 | F5: =D5/E5 -> 0.98076923 | G5: =C5/13 -> 0.84615385
A6: rot1.2 | B6: 1.2° 회전 | C6: 13 | D6: 104 | E6: 104 | F6: =D6/E6 -> 1 | G6: =C6/13 -> 1
A7: rot-1.5 | B7: -1.5° 회전 | C7: 12 | D7: 103 | E7: 104 | F7: =D7/E7 -> 0.99038462 | G7: =C7/13 -> 0.92307692
A8: blur0.7 | B8: 가우시안 흐림 σ0.7 | C8: 10 | D8: 101 | E8: 104 | F8: =D8/E8 -> 0.97115385 | G8: =C8/13 -> 0.76923077
A9: blur1.0 | B9: 가우시안 흐림 σ1.0 | C9: 12 | D9: 103 | E9: 104 | F9: =D9/E9 -> 0.99038462 | G9: =C9/13 -> 0.92307692
A10: blur1.3 | B10: 가우시안 흐림 σ1.3 (강함) | C10: 7 | D10: 94 | E10: 104 | F10: =D10/E10 -> 0.90384615 | G10: =C10/13 -> 0.53846154
A11: noise6 | B11: 노이즈 σ6 | C11: 11 | D11: 102 | E11: 104 | F11: =D11/E11 -> 0.98076923 | G11: =C11/13 -> 0.84615385
A12: noise12 | B12: 노이즈 σ12 (강함) | C12: 9 | D12: 96 | E12: 104 | F12: =D12/E12 -> 0.92307692 | G12: =C12/13 -> 0.69230769
A13: bright-40 | B13: 밝기 -40 | C13: 11 | D13: 102 | E13: 104 | F13: =D13/E13 -> 0.98076923 | G13: =C13/13 -> 0.84615385
A14: contrast0.6 | B14: 대비 60% | C14: 11 | D14: 102 | E14: 104 | F14: =D14/E14 -> 0.98076923 | G14: =C14/13 -> 0.84615385
... A19: shift-8 | B19: -8px 이동 | C19: 11 | D19: 102 | E19: 104 | F19: =D19/E19 -> 0.98076923 | G19: =C19/13 -> 0.84615385
A20: 합계 | C20: =SUM(C3:C19) -> 187 | D20: =SUM(D3:D19) -> 1726 | E20: =SUM(E3:E19) -> 1768 | F20: =D20/E20 -> 0.97624434 | G20: =C20/(13*17) -> 0.84615385
A22: · 원본에서도 2자리(가려진 점)가 틀리므로 자리 일치율의 상한은 약 98%입니다.

Sheet 신뢰도 보정
A1: 표시 확률 vs 실제 정확도 (변형 테스트 전체 자리)
A2: 표시 확률 구간 | B2: 하한 | C2: 상한 | D2: 자리 수 | E2: 실제 정확도 | F2: 정답 자리 수
A3: 0% ~ 50% 미만 | B3: 0 | C3: 0.5 | D3: 65 | E3: =IF(D3=0,"-",F3/D3) -> 0.75384615 | F3: 49
A4: 50% ~ 70% 미만 | B4: 0.5 | C4: 0.7 | D4: 89 | E4: =IF(D4=0,"-",F4/D4) -> 0.94382022 | F4: 84
A5: 70% ~ 80% 미만 | B5: 0.7 | C5: 0.8 | D5: 38 | E5: =IF(D5=0,"-",F5/D5) -> 0.65789474 | F5: 25
A6: 80% ~ 90% 미만 | B6: 0.8 | C6: 0.9 | D6: 50 | E6: =IF(D6=0,"-",F6/D6) -> 0.88 | F6: 44
A7: 90% ~ 100% | B7: 0.9 | C7: 1 | D7: 1526 | E7: =IF(D7=0,"-",F7/D7) -> 0.99868938 | F7: 1524
A9: · 90% 이상으로 표시된 자리(마지막 행)는 거의 항상 맞습니다. 80% 미만 자리는 원본 출력물과 육안 대조를 권장합니다.
A10: · 자리 수·정답 자리 수는 변형 테스트(13장 × 17종 × 8자리) 실행 결과에서 집계한 값입니다.
